{"forum dr1":{"slots":[[{"z":30.247211456298829,"y":-1428.7220458984376,"x":-25.1138916015625,"h":6.944601058959961},true],[{"z":30.45334243774414,"y":-1455.650634765625,"x":-16.297988891601564,"h":271.37249755859377},true],[{"z":30.65472221374512,"y":-1426.6929931640626,"x":-18.33084487915039,"h":315.6733093261719},true],[{"z":30.65447425842285,"y":-1440.243408203125,"x":-25.830732345581056,"h":183.57810974121098},true],[{"z":30.764629364013673,"y":-1450.533935546875,"x":-26.066190719604493,"h":177.7579345703125},true]],"access":[],"coords":{"z":30.654510498046876,"y":-1438.4478759765626,"h":272.20458984375,"x":-21.349287033081056},"max":4},"brouge ave1":{"access":[],"coords":{"z":27.930984497070314,"y":-1814.855224609375,"h":235.5713653564453,"x":148.46966552734376},"slots":[]},"picture perfect drive1":{"access":[],"coords":{"z":107.68457794189452,"y":525.9868774414063,"h":38.66428756713867,"x":-591.6929931640625},"slots":[]},"ace jones dr1":{"access":[],"coords":{"z":118.27223205566406,"y":530.8372802734375,"h":293.31536865234377,"x":-1485.201416015625},"slots":[]},"west mirror drive2":{"access":[],"coords":{"z":57.688629150390628,"y":-562.8955688476563,"h":106.9957504272461,"x":853.6123657226563},"slots":[]},"west mirror drive3":{"access":[],"coords":{"z":57.97576522827149,"y":-662.3165893554688,"h":87.4295883178711,"x":960.4567260742188},"slots":[]},"spanish ave1":{"access":[],"coords":{"z":181.68618774414066,"y":596.9407958984375,"h":152.9984588623047,"x":-273.8117980957031},"slots":[]},"grove st46":{"slots":[[{"z":20.5678653717041,"y":-1926.4681396484376,"x":100.82347106933594,"h":254.4919891357422},true],[{"z":20.587032318115236,"y":-1920.85595703125,"x":90.81119537353516,"h":51.3381462097168},true],[{"z":20.641611099243165,"y":-1935.553955078125,"x":90.0409164428711,"h":207.17715454101569},true],[{"z":20.80375862121582,"y":-1937.02392578125,"x":100.47746276855468,"h":292.4402465820313},true]],"access":[],"coords":{"z":20.74453926086426,"y":-1920.3177490234376,"h":288.1266174316406,"x":99.83328247070313},"max":4},"grove st1":{"access":[],"coords":{"z":20.59799003601075,"y":-1929.399658203125,"h":232.3842315673828,"x":110.9825439453125},"slots":[]},"north sheldon ave1":{"slots":[[{"z":164.49832153320313,"y":790.7066650390625,"x":-1107.179443359375,"h":10.61350154876709},false,{"model":-1216765807,"plate":"07ABX496","props":{"modWindows":-1,"modTrunk":-1,"modSpoilers":-1,"neonEnabled":[false,false,false,false],"windowTint":-1,"modEngineBlock":-1,"wheelColor":156,"modRoof":-1,"modTrimB":-1,"modStruts":-1,"modHood":-1,"health":1000,"modEngine":-1,"modTrimA":-1,"modShifterLeavers":-1,"pearlescentColor":5,"modArmor":-1,"modBackWheels":-1,"modRearBumper":-1,"modTransmission":-1,"extras":[],"modLivery":-1,"plateIndex":0,"model":-1216765807,"modFrontBumper":-1,"modFrontWheels":-1,"modDial":-1,"color2":13,"modSteeringWheel":-1,"modSeats":-1,"modFender":-1,"modSpeakers":-1,"tyreSmokeColor":[255,255,255],"modHydrolic":-1,"modOrnaments":-1,"modExhaust":-1,"modDoorSpeaker":-1,"neonColor":[255,0,255],"modAPlate":-1,"modSmokeEnabled":false,"modSideSkirt":-1,"modTurbo":false,"modTank":-1,"modArchCover":-1,"modSuspension":-1,"dirtLevel":5.000728130340576,"modHorns":-1,"modPlateHolder":-1,"modVanityPlate":-1,"modCustomTyres":false,"wheels":7,"modRightFender":-1,"modXenon":false,"color1":3,"modDashboard":-1,"plate":"07ABX496","modAerials":-1,"modFrame":-1,"modGrille":-1,"modBrakes":-1,"modAirFilter":-1}}],[{"z":164.30889892578126,"y":785.8164672851563,"x":-1094.201904296875,"h":319.5956115722656},true],[{"z":165.23736572265626,"y":789.7176513671875,"h":268.501220703125,"x":-1082.0267333984376},false,{"model":-1216765807,"plate":"82RAG651","props":{"modWindows":-1,"modTrunk":-1,"modSpoilers":-1,"neonEnabled":[false,false,false,false],"windowTint":-1,"modEngineBlock":-1,"wheelColor":156,"modRoof":-1,"modTrimB":-1,"modStruts":-1,"modHood":-1,"health":1000,"modEngine":-1,"modTrimA":-1,"modShifterLeavers":-1,"pearlescentColor":111,"modArmor":-1,"modBackWheels":-1,"modRearBumper":-1,"modTransmission":-1,"extras":[],"modLivery":-1,"plateIndex":0,"model":-1216765807,"modFrontBumper":-1,"modFrontWheels":-1,"modDial":-1,"color2":12,"modSteeringWheel":-1,"modSeats":-1,"modFender":-1,"modSpeakers":-1,"tyreSmokeColor":[255,255,255],"modHydrolic":-1,"modOrnaments":-1,"modExhaust":-1,"modDoorSpeaker":-1,"neonColor":[255,0,255],"modAPlate":-1,"modSmokeEnabled":false,"modSideSkirt":-1,"modTurbo":false,"modTank":-1,"modArchCover":-1,"modSuspension":-1,"dirtLevel":2.0016391277313234,"modHorns":-1,"modPlateHolder":-1,"modVanityPlate":-1,"modCustomTyres":false,"wheels":7,"modRightFender":-1,"modXenon":false,"color1":4,"modDashboard":-1,"plate":"82RAG651","modAerials":-1,"modFrame":-1,"modGrille":-1,"modBrakes":-1,"modAirFilter":-1}}],[{"z":163.7298583984375,"y":783.84228515625,"x":-1102.0177001953126,"h":64.63159942626953},true]],"access":[],"coords":{"z":164.44268798828126,"y":789.6279907226563,"x":-1097.6561279296876,"h":111.89086151123049},"max":3},"paleto blvd1":{"coords":{"z":31.47832679748535,"y":6129.81201171875,"h":232.18853759765626,"x":-425.712646484375},"access":[],"slots":[]},"nikola ave1":{"coords":{"z":59.18221664428711,"y":-553.7841796875,"x":959.0463256835938,"h":223.4509429931641},"access":[],"slots":[]}}